{
  "Clients": [
    {
      "id": "1",
      "ClientName": "John Doe",
      "Address": "123 Main St",
      "Email": "john.doe@gmail.com",
      "Password": "jd12345"
    },
    {
      "id": "2",
      "ClientName": "Jane Smith",
      "Address": "456 Oak St",
      "Email": "jane.smith@gmail.com",
      "Password": "js45671"
    },
    {
      "id": "3",
      "ClientName": "Alex Johnson",
      "Address": "789 Pine St",
      "Email": "alex.johnson@gmail.com",
      "Password": "aj78901"
    },
    {
      "id": "4",
      "ClientName": "Emily Davis",
      "Address": "101 Cedar St",
      "Email": "emily.davis@gmail.com",
      "Password": "ed10111"
    },
    {
      "id": "5",
      "ClientName": "dsfgsdf",
      "Address": "sdfsdfs",
      "Email": "sdfsdfdgdffsdf",
      "Password": "gfdfgdfg"
    }
  ],
  "Projects": [
    {
      "id": "11",
      "ProjectName": "Library",
      "Duration": "4Months",
      "ClientID": 1
    },
    {
      "id": "12",
      "ProjectName": "School",
      "Duration": "3Months",
      "ClientID": 2
    },
    {
      "id": "13",
      "ProjectName": "Hospital Management",
      "Duration": "6Months",
      "ClientID": 3
    },
    {
      "id": "14",
      "ProjectName": "E-commerce Platform",
      "Duration": "5Months",
      "ClientID": 4
    }
  ],
  "Project_Tasks": [
    {
      "id": "101",
      "TaskName": "User Authentication",
      "TaskDescription": "Implement a secure user authentication system for the Library project.",
      "ProjectID": 11
    },
    {
      "id": "102",
      "TaskName": "Admin Dashboard",
      "TaskDescription": "Develop an admin dashboard with necessary functionalities for the Library project.",
      "ProjectID": 11
    },
    {
      "id": "103",
      "TaskName": "Student Registration",
      "TaskDescription": "Create a module for student registration for the School project.",
      "ProjectID": 12
    },
    {
      "id": "104",
      "TaskName": "Course Management",
      "TaskDescription": "Implement a course management system for the School project.",
      "ProjectID": 12
    }
  ],
  "Client_Meetings": [
    {
      "id": "111",
      "MeetingTopic": "Project Kickoff",
      "No_of_Persons": 3,
      "Start_Date_Time": "07/02/2025 1PM",
      "ClientID": 2,
      "Status": "Open"
    },
    {
      "id": "112",
      "MeetingTopic": "Status Update",
      "No_of_Persons": 5,
      "Start_Date_Time": "20/02/2025 1PM",
      "ClientID": 1,
      "Status": "Open"
    },
    {
      "id": "113",
      "MeetingTopic": "Progress Review",
      "No_of_Persons": 4,
      "Start_Date_Time": "15/03/2025 2PM",
      "ClientID": 3,
      "Status": "Open"
    },
    {
      "id": "114",
      "MeetingTopic": "Feature Discussion",
      "No_of_Persons": 6,
      "Start_Date_Time": "25/03/2025 3PM",
      "ClientID": 4,
      "Status": "Open"
    }
  ],
  "Users": [
    {
      "id": "1",
      "UserName": "HR",
      "Password": "hr@123"
    }
  ]
}